,y_test,prediction
4931,1426.1436,2580.3255293452276
4148,1201.769,2519.460084781518
