,y_test,prediction
4931,1426.1436,2578.7133222397356
4148,1201.769,2520.7357557286164
