,y_test,prediction
4931,1426.1436,2551.0665775859484
4148,1201.769,1403.347044258645
